{
  "hash": "67eb8410",
  "configHash": "2949c23e",
  "lockfileHash": "236d9f0a",
  "browserHash": "9c2e5ac7",
  "optimized": {
    "@angular/common": {
      "src": "../../../../../../node_modules/@angular/common/fesm2022/common.mjs",
      "file": "@angular_common.js",
      "fileHash": "40abff59",
      "needsInterop": false
    },
    "@angular/common/http": {
      "src": "../../../../../../node_modules/@angular/common/fesm2022/http.mjs",
      "file": "@angular_common_http.js",
      "fileHash": "9f43ed9d",
      "needsInterop": false
    },
    "@angular/core": {
      "src": "../../../../../../node_modules/@angular/core/fesm2022/core.mjs",
      "file": "@angular_core.js",
      "fileHash": "c5da38cf",
      "needsInterop": false
    },
    "@angular/forms": {
      "src": "../../../../../../node_modules/@angular/forms/fesm2022/forms.mjs",
      "file": "@angular_forms.js",
      "fileHash": "87f4be40",
      "needsInterop": false
    },
    "@angular/platform-browser": {
      "src": "../../../../../../node_modules/@angular/platform-browser/fesm2022/platform-browser.mjs",
      "file": "@angular_platform-browser.js",
      "fileHash": "06d3cb0e",
      "needsInterop": false
    }
  },
  "chunks": {
    "chunk-RZVXDJWJ": {
      "file": "chunk-RZVXDJWJ.js"
    },
    "chunk-DUKEOR6G": {
      "file": "chunk-DUKEOR6G.js"
    },
    "chunk-GC75TJUX": {
      "file": "chunk-GC75TJUX.js"
    },
    "chunk-CC6ECFM5": {
      "file": "chunk-CC6ECFM5.js"
    }
  }
}