[
  {
    "code": "LA01",
    "name": "LA City Break",
    "length": 3,
    "start": "2025-12-10T00:00:00.000Z",
    "resort": "Los Angeles",
    "perPerson": 799,
    "currency": "USD",
    "image": "la.jpg",
    "description": "Demo trip from Module 6."
  },
  {
    "code": "NY01",
    "name": "New York Weekend",
    "length": 2,
    "start": "2025-12-15T00:00:00.000Z",
    "resort": "New York City",
    "perPerson": 599,
    "currency": "USD",
    "image": "ny.jpg",
    "description": "Another sample trip."
  }
]
